{
    "unet_advanced": {
        "accuracy": 0.9556513767616421,
        "classification_report": {
            "Background": {
                "precision": 0.9789540840422495,
                "recall": 0.9805317532829115,
                "f1-score": 0.9797422835367262,
                "support": 1849730.0
            },
            "LV": {
                "precision": 0.9519461583268715,
                "recall": 0.9136192395615977,
                "f1-score": 0.9323889972000603,
                "support": 280838.0
            },
            "Myocardium": {
                "precision": 0.8300315358269137,
                "recall": 0.876978227236708,
                "f1-score": 0.8528593105801923,
                "support": 265010.0
            },
            "RV": {
                "precision": 0.888662437446776,
                "recall": 0.8354021623760951,
                "f1-score": 0.8612096344205671,
                "support": 111174.0
            },
            "accuracy": 0.9556513767616421,
            "macro avg": {
                "precision": 0.9123985539107027,
                "recall": 0.9016328456143281,
                "f1-score": 0.9065500564343865,
                "support": 2506752.0
            },
            "weighted avg": {
                "precision": 0.9561800322560309,
                "recall": 0.9556513767616421,
                "f1-score": 0.9557663945679462,
                "support": 2506752.0
            }
        },
        "dice_scores": {
            "0": 0.9797422835367235,
            "1": 0.9323889972000433,
            "2": 0.8528593105801766,
            "3": 0.861209634420527
        },
        "mean_dice": 0.9065500564343676
    },
    "deep_unet_improved": {
        "accuracy": 0.9511997995812909,
        "classification_report": {
            "Background": {
                "precision": 0.9783492266652807,
                "recall": 0.9769058186870516,
                "f1-score": 0.9776269898999954,
                "support": 1849730.0
            },
            "LV": {
                "precision": 0.9329632204887518,
                "recall": 0.9173295636630371,
                "f1-score": 0.9250803454405084,
                "support": 280838.0
            },
            "Myocardium": {
                "precision": 0.8269723370055855,
                "recall": 0.8503264027772537,
                "f1-score": 0.8384867833541704,
                "support": 265010.0
            },
            "RV": {
                "precision": 0.8498897637795275,
                "recall": 0.8495151744112832,
                "f1-score": 0.8497024278111912,
                "support": 111174.0
            },
            "accuracy": 0.9511997995812909,
            "macro avg": {
                "precision": 0.8970436369847865,
                "recall": 0.8985192398846564,
                "f1-score": 0.8977241366264663,
                "support": 2506752.0
            },
            "weighted avg": {
                "precision": 0.9515640253138186,
                "recall": 0.9511997995812909,
                "f1-score": 0.9513569297029423,
                "support": 2506752.0
            }
        },
        "dice_scores": {
            "0": 0.9776269898999929,
            "1": 0.9250803454404919,
            "2": 0.8384867833541547,
            "3": 0.849702427811153
        },
        "mean_dice": 0.897724136626448
    },
    "Ensemble": {
        "accuracy": 0.9566570606107027,
        "classification_report": {
            "Background": {
                "precision": 0.9796215885416807,
                "recall": 0.9804906662053381,
                "f1-score": 0.9800559347069967,
                "support": 1849730.0
            },
            "LV": {
                "precision": 0.9468771960646521,
                "recall": 0.9211787578604035,
                "f1-score": 0.9338512130586549,
                "support": 280838.0
            },
            "Myocardium": {
                "precision": 0.8399407671954792,
                "recall": 0.8732613863627787,
                "f1-score": 0.8562770450647786,
                "support": 265010.0
            },
            "RV": {
                "precision": 0.8845858104686709,
                "recall": 0.8485257344343102,
                "f1-score": 0.8661806295221655,
                "support": 111174.0
            },
            "accuracy": 0.9566570606107027,
            "macro avg": {
                "precision": 0.9127563405676207,
                "recall": 0.9058641362157076,
                "f1-score": 0.9090912055881489,
                "support": 2506752.0
            },
            "weighted avg": {
                "precision": 0.9569714852403134,
                "recall": 0.9566570606107027,
                "f1-score": 0.956743433773127,
                "support": 2506752.0
            }
        },
        "dice_scores": {
            "0": 0.980055934706994,
            "1": 0.933851213058638,
            "2": 0.8562770450647628,
            "3": 0.8661806295221257
        },
        "mean_dice": 0.9090912055881302
    }
}